Q2VJ50	Q2VJ50
A9RAI0	A9RAI0
A9RAI0	O41855
A9RAI0	Q6JL79
A9RAI0	A0A0B5CVI2
A9RAI0	Q5Y9B2
A9RAI0	Q808X9
A9RAI0	Q808X8
A9RAI0	Q808X7
A9RAI0	B4Y891
G1JYZ5	G1JYZ5
G1JYZ5	G1JYZ3
Q6V7U2	Q6V7U2
A0A2Z3D964	A0A2Z3D964
C0LA98	C0LA98
C0LA98	M4IS86
C0LA98	C0LA97
C0LA98	C0LA99
C0LA98	Q9YIJ1
C0LA98	Q5XXZ6
A0A1C8Z4Q6	A0A1C8Z4Q6
A0A3S9JKK3	A0A3S9JKK3
A0A2H4N9R9	A0A2H4N9R9
A0A2H4N9R9	A0A6C0PVN7
A0A2H4N9R9	A0A2H4N9R7
A0A6M4C6I4	A0A6M4C6I4
A0A513ZUS7	A0A513ZUS7
A0A513ZUS7	A0A513ZU33
A0A513ZUS7	A0A513ZTU6
A0A513ZUS7	A0A513ZUI9
A0A513ZUS7	A0A513ZU85
A0A513ZUS7	A0A513ZUL7
A0A513ZUS7	A0A513ZUG0
A0A513ZUS7	A0A513ZUE9
A0A513ZUS7	A0A513ZTW9
A0A513ZUS7	A0A513ZUZ8
A0A513ZUS7	A0A513ZUB0
A0A513ZUS7	A0A513ZU47
A0A513ZUS7	A0A513ZU50
A0A513ZUS7	A0A513ZTQ8
A0A513ZUS7	A0A513ZUV1
A0A513ZUS7	A0A513ZTR9
A0A513ZUS7	A0A513ZUU9
A0A513ZUS7	A0A513ZUL2
A0A513ZUS7	A0A513ZU25
A0A513ZUS7	A0A513ZUB4
A0A513ZUS7	A0A513ZUF4
A0A513ZUS7	A0A513ZUJ3
A0A513ZUS7	A0A513ZU12
A0A513ZUS7	A0A513ZTY5
A0A513ZUS7	A0A513ZTX9
A0A513ZUS7	A0A513ZUJ5
A0A513ZUS7	A0A513ZU61
A0A513ZUS7	A0A513ZU54
A0A513ZUS7	A0A513ZUD5
A0A513ZUS7	A0A513ZUP4
A0A513ZUS7	A0A286MGT8
A0A513ZUS7	A0A513ZUL9
A0A513ZUS7	A0A513ZUP5
A0A513ZUS7	A0A513ZUP8
A0A513ZUS7	A0A513ZUP2
A0A513ZUS7	A0A513ZUC8
A0A513ZUS7	A0A513ZUK2
A0A513ZUS7	A0A513ZUQ8
A0A513ZUS7	A0A513ZUD3
A0A513ZUS7	A0A513ZTX7
A0A513ZUS7	A0A513ZTY9
A0A513ZUS7	A0A513ZU72
A0A513ZUS7	A0A513ZTW6
A0A513ZUS7	A0A513ZU69
A0A513ZUS7	A0A513ZUB6
A0A513ZUS7	A0A513ZUX4
A0A513ZUS7	A0A513ZU52
A0A513ZUS7	A0A513ZTV7
A0A513ZUS7	A0A513ZUI7
A0A513ZUS7	A0A513ZUK6
A0A513ZUS7	A0A513ZUI8
A0A513ZUS7	A0A513ZUN0
A0A513ZUS7	A0A513ZTV6
A0A5C0PZD0	A0A5C0PZD0
A0A5C0PZD0	A0A5C0PVX0
A0A5C0PZD0	A0A5C0PVT9
Q6GWF2	Q6GWF2
Q6GWF2	Q7TG43
Q6GWF2	A0A6M3MU48
Q6GWF2	A0A346BLQ0
Q6GWF2	W8GGS2
Q6GWF2	C7FFS0
M4ISG9	M4ISG9
M4ISG9	M4IRL1
M4ISG9	M4IQQ4
M4ISG9	B4Y886
M4ISG9	B4Y887
M4ISG9	Q6JC15
M4ISG9	Q6JC16
M4ISG9	Q6JBZ8
M4ISG9	Q6JBZ2
M4ISG9	Q6JC14
M4ISG9	A0A0K1P909
M4ISG9	Q6JC48
M4ISG9	Q6JC62
M4ISG9	Q6JC55
M4ISG9	Q8JQF8
M4ISG9	A0A0K1P7W0
M4ISG9	Q5Y9B4
M4ISG9	Q6JC19
M4ISG9	B4Y884
M4ISG9	Q6JC18
M4ISG9	Q808W6
M4ISG9	A0A0K1P7U0
M4ISG9	Q6JC61
M4ISG9	Q808V8
M4ISG9	Q6JC37
M4ISG9	Q808W5
M4ISG9	Q6JC56
M4ISG9	Q808V7
M4ISG9	Q6JC49
M4ISG9	Q808X1
M4ISG9	Q808W8
M4ISG9	Q808X3
M4ISG9	Q808X6
M4ISG9	B4Y889
M4ISG9	Q6JC45
M4ISG9	Q6JC53
M4ISG9	Q6JBZ3
M4ISG9	A0A0K1P842
M4ISG9	Q6JC47
M4ISG9	Q6JC50
M4ISG9	Q6JC60
M4ISG9	Q6JC54
M4ISG9	Q6JC57
M4ISG9	Q6JC22
M4ISG9	Q6JC23
M4ISG9	Q6JC40
M4ISG9	Q808X0
M4ISG9	Q808X5
M4ISG9	Q808X2
M4ISG9	Q6JC63
M4ISG9	B4Y890
M4ISG9	Q808Y3
M4ISG9	A0A0K1P7V4
M4ISG9	A0A513ZU10
M4ISG9	A0A513ZU15
M4ISG9	Q6JC66
M4ISG9	Q6JC64
M4ISG9	Q6JC65
M4ISG9	Q6JC59
M4ISG9	Q808W9
M4ISG9	A0A0K1P7W5
M4ISG9	A0A0K1P7U4
M4ISG9	Q808W1
M4ISG9	Q808W2
M4ISG9	A0A513ZUC6
M4ISG9	A0A513ZTS7
M4ISG9	A0A513ZUV3
M4ISG9	A0A513ZUY7
M4ISG9	A0A877XIL6
M4ISG9	A0A877XJX5
M4ISG9	A0A513ZU08
M4ISG9	Q6JBZ1
M4ISG9	Q6JC38
M4ISG9	Q6JBZ0
M4ISG9	A0A513ZUB5
M4ISG9	A0A513ZUF0
M4ISG9	Q6JC42
M4ISG9	Q6JC36
M4ISG9	A0A513ZU74
M4ISG9	A0A877XIL5
M4ISG9	A0A513ZUC7
M4ISG9	Q6JC39
M4ISG9	A0A513ZTY1
M4ISG9	Q670Q8
M4ISG9	A0A513ZU55
M4ISG9	A0A513ZTZ1
M4ISG9	A0A513ZUZ2
M4ISG9	Q6JC26
M4ISG9	A0A513ZU23
M4ISG9	A0A513ZUM2
M4ISG9	A0A513ZU87
M4ISG9	Q6JC27
M4ISG9	A0A513ZUH6
M4ISG9	A0A513ZTW5
M4ISG9	A0A513ZV18
M4ISG9	Q670S0
M4ISG9	A0A513ZU27
M4ISG9	A0A513ZUB3
M4ISG9	A0A513ZUG2
M4ISG9	Q6JC00
M4ISG9	A0A513ZU66
M4ISG9	Q670R0
M4ISG9	A0A513ZV52
M4ISG9	Q6JC41
M4ISG9	A0A513ZV41
M4ISG9	A0A286MGT5
M4ISG9	A0A513ZUR5
M4ISG9	A0A513ZUR3
M4ISG9	A0A877XL17
M4ISG9	A0A513ZV05
M4ISG9	Q6JC09
M4ISG9	A0A513ZUP7
M4ISG9	A0A513ZU79
M4ISG9	Q6JC29
M4ISG9	Q6JC25
M4ISG9	Q6JC31
M4ISG9	A0A513ZUC4
M4ISG9	A0A513ZU42
M4ISG9	A0A513ZU95
M4ISG9	A0A513ZUD4
M4ISG9	Q6JBZ5
M4ISG9	A0A513ZTY6
M4ISG9	A0A513ZUG6
M4ISG9	Q6JC05
M4ISG9	A0A513ZUF2
M4ISG9	Q6JC33
M4ISG9	A0A513ZUF5
M4ISG9	A0A513ZUK9
M4ISG9	A0A286MGT6
M4ISG9	A0A513ZUJ1
M4ISG9	P03135
M4ISG9	Q6JC35
M4ISG9	Q670R6
M4ISG9	A0A513ZUL3
M4ISG9	A0A513ZUI0
M4ISG9	A0A513ZUP1
M4ISG9	Q6JC20
M4ISG9	A0A513ZUH1
M4ISG9	Q6JC06
M4ISG9	Q670Q6
M4ISG9	A0A513ZUG5
M4ISG9	A0A513ZU92
M4ISG9	A0A513ZUP3
M4ISG9	A0A513ZUP6
M4ISG9	Q6JC21
M4ISG9	A0A513ZUA0
M4ISG9	A0A513ZUQ9
M4ISG9	Q6JC07
M4ISG9	A0A513ZUK1
M4ISG9	A0A513ZTS8
M4ISG9	Q6JC11
M4ISG9	A0A513ZUL6
M4ISG9	A0A513ZUT6
M4ISG9	A0A513ZU59
M4ISG9	A0A6M6CDY3
M4ISG9	A0A513ZV15
M4ISG9	Q670Q7
M4ISG9	A0A513ZTU1
M4ISG9	A0A513ZTT0
M4ISG9	A0A513ZUN6
M4ISG9	A0A513ZUH2
M4ISG9	A0A513ZUN1
M4ISG9	B4Y880
M4ISG9	A0A513ZUM4
M4ISG9	Q6JC01
M4ISG9	A0A513ZU94
M4ISG9	Q6JC30
M4ISG9	Q6JBZ4
M4ISG9	A0A513ZV21
M4ISG9	Q670R8
M4ISG9	Q670R4
M4ISG9	A0A513ZUV4
M4ISG9	A0A513ZUW1
M4ISG9	A0A513ZU49
M4ISG9	Q6JBZ9
M4ISG9	A0A513ZTT9
M4ISG9	A0A513ZUZ0
M4ISG9	A0A513ZTZ3
M4ISG9	A0A513ZTZ6
M4ISG9	A0A513ZUE4
M4ISG9	A0A513ZUW7
M4ISG9	Q6JC43
M4ISG9	A0A513ZUT1
M4ISG9	A0A513ZV82
M4ISG9	A0A513ZUM7
M4ISG9	A0A513ZUS9
M4ISG9	B4Y877
M4ISG9	A0A8A4YIN7
M4ISG9	Q808V9
M4ISG9	A0A513ZU62
M4ISG9	A0A513ZUE6
M4ISG9	A0A513ZUD6
M4ISG9	Q6JC24
M4ISG9	Q6JBZ7
M4ISG9	Q6JC44
M4ISG9	A0A513ZUS3
M4ISG9	Q6JBZ6
M4ISG9	A0A513ZUS1
M4ISG9	Q6JC17
M4ISG9	Q6JC28
M4ISG9	Q6JC34
M4ISG9	A0A877XIP6
M4ISG9	A0A0K1P7V0
M4ISG9	A0A513ZTY8
M4ISG9	A0A513ZTS9
M4ISG9	A0A513ZTT6
M4ISG9	A0A513ZTR4
M4ISG9	A0A513ZTR2
M4ISG9	A0A513ZU93
M4ISG9	A0A513ZUB1
M4ISG9	A0A513ZUA8
M4ISG9	A0A513ZTS3
M4ISG9	A0A513ZTS5
M4ISG9	A0A513ZU04
M4ISG9	Q808W3
M4ISG9	B4Y878
M4ISG9	Q1I032
M4ISG9	O56137
M4ISG9	Q9WBP8
M4ISG9	B4Y883
M4ISG9	B4Y875
M4ISG9	Q6JC10
M4ISG9	Q6JC08
M4ISG9	Q1I030
M4ISG9	B4Y876
M4ISG9	Q6JC12
M4ISG9	Q6JC13
M4ISG9	B4Y874
M4ISG9	B4Y882
M4ISG9	B4Y881
M4ISG9	A0A1W5PV80
M4ISG9	Q808Y0
M4ISG9	Q808Y1
M4ISG9	Q808Y2
M4ISG9	B4Y885
M4ISG9	A0A6M4WC41
M4ISG9	Q6JC04
M4ISG9	A0A877XK06
M4ISG9	A0A513ZTX2
M4ISG9	A0A513ZU14
M4ISG9	Q6JC02
M4ISG9	Q6JC03
M4ISG9	A0A513ZU77
M4ISG9	A0A513ZUZ7
M4ISG9	B5SUY7
M4ISG9	B4Y879
M4ISG9	Q808W4
M4ISG9	A0A097PUS3
M4ISG9	A0A097PUT6
M4ISG9	Q65311
M4ISG9	O56139
M4ISG9	Q808W7
M4ISG9	Q808X4
M4ISG9	Q808W0
M4ISG9	Q808V5
M4ISG9	Q808V6
M4ISG9	A0A0K1P847
M4ISG9	Q808V4
M4ISG9	Q6JC46
M4ISG9	B4Y888
M4ISG9	Q6JC52
M4ISG9	Q6JC58
M4ISG9	Q6JC51
M4ISG9	Q8JQG0
A0A6B9PR37	A0A6B9PR37
N0A7G5	N0A7G5
Q2VJ48	Q2VJ48
Q2VJ48	A0A3Q8HA51
Q2VJ48	A0A3Q8GZ07
Q2VJ48	A0A3S7R5D1
Q2VJ48	A0A3S7R5G0
Q2VJ48	A0A3Q8GZ14
Q2VJ48	A0A3S7R5E5
Q2VJ48	A0A3S7R5E9
Q2VJ48	A0A3S7R5E7
Q2VJ48	A0A3S7R5F4
Q2VJ48	A0A3Q8H2X3
Q2VJ48	A0A3S7R5E3
Q2VJ48	A0A3S7R5D2
A0A6M9Z6N5	A0A6M9Z6N5
A0A6M9Z6N5	A0A6M9Z750
A0A6M9Z6N5	A0A6M9Z7L2
A0A6M9Z6N5	A0A6M9Z754
Q2VJ46	Q2VJ46
Q2VJ46	Q2VJ47
A0A8A4XEC0	A0A8A4XEC0
A0A8A4XEC0	A0A2S0SZ30
A0A8A4XEC0	Q2VJ51
A0A8A4XEC0	Q2VJ52
A0A8A4XEC0	A0A6M9Z9W2
A0A0G3ZB70	A0A0G3ZB70
A0A5B8IGP3	A0A5B8IGP3
A0A6M9Z7J6	A0A6M9Z7J6
A0A6M9Z7J6	A0A6M9Z739
A0A6M9Z7J6	A0A7D7B3Y4
A0A6M9Z7J6	A0A6M9Z6M7
A0A6M9Z7J6	A0A6M9Z6L3
A0A6M9Z7M2	A0A6M9Z7M2
A0A7D3QMM3	A0A7D3QMM3
A0A6M9Z857	A0A6M9Z857
A0A6M9Z857	A0A6B9PSI1
A0A6M9Z6M8	A0A6M9Z6M8
A0A6M9Z7K1	A0A6M9Z7K1
A0A6M9Z7K1	A0A2S0SZ41
A0A6G6ACW8	A0A6G6ACW8
A0A6G6ACW8	A0FJH3
A0A6G6ACW8	A0A1L3KPW6
A0A6G6ACW8	Q0Z871
A0A6G6ACW8	A0A6G6ACY9
A0A6G6ACW8	A0A0C5C1U8
A0A6G6ACW8	B5U2C6
A0A6G6ACW8	C7E5X7
A0A6G6ACW8	A7UMZ9
A0A6G6ACW8	A0A0C5C1U1
A0A6G6ACW8	A0A0C5CH66
A0A6G6ACW8	Q67668
A0A6G6ACW8	A7UMZ6
A0A6G6ACW8	A0FJG6
A0A6G6ACW8	A0FJG8
A0A6G6ACW8	A0A0C5C224
A0A6G6ACW8	G0ZSH9
A0A6G6ACW8	A0A2S0RQR8
A0A6G6ACW8	A0A286QW67
A0A6G6ACW8	C8CE61
A0A6G6ACW8	A0A1L3KPV6
A0A6G6ACW8	A0A1S6KKD5
A0A6G6ACW8	A0A286QW70
A0A6G6ACW8	A0A0C5CH71
A0A6G6ACW8	H9M8D3
A0A6G6ACW8	A0A0C5C213
A0A6G6ACW8	A0A0C5BXS9
A0A6G6ACW8	A0A0C5BXS0
A0A6G6ACW8	A0A0C5BXS4
A0A6G6ACW8	Q65446
A0A6G6ACW8	A0A0C5C5H4
A0A6G6ACW8	A0A0C5C1V0
A0A6G6ACW8	B6V720
A0A6G6ACW8	A0A0C5CH74
A0A6G6ACW8	A0A1L3KPS4
A0A6G6ACW8	A0FJH0
A0A6G6ACW8	A0A1L3KPW2
A0A6G6ACW8	B6V719
A0A6G6ACW8	A0A3G6IVP3
A0A6G6ACW8	A0A8E5N8C5
A0A6G6ACW8	A0FJG7
A0A6G6ACW8	A0A8E5J867
A0A6G6ACW8	A0A0C5CH77
A0A6G6ACW8	Q6R965
A0A6G6ACW8	A8WBZ1
A0A6G6ACW8	B6V721
A0A6G6ACW8	Q1ZYL2
A0A6G6ACW8	A0A1L3KPV4
A0A6G6ACW8	A0A0C5C5I5
A0A6G6ACW8	A0A6G6AE59
A0A6G6ACW8	A0A1L3KPW5
A0A6G6ACW8	A7UN02
A0A6G6ACW8	A0A6C0N632
A0A6G6ACW8	A0A140E9M2
A0A6G6ACW8	A0A0N9QMG2
A0A6G6ACW8	A0A140HEY6
A0A6G6ACW8	Q8V395
A0A6G6ACW8	Q67667
A0A6G6ACW8	A0A7U3NQY8
A0A6G6ACW8	A0A345GSD9
A0A6G6ACW8	A0A089X5B1
A0A6G6ACW8	A0A859MRC6
A0A6G6ACW8	A0A3G6IR24
A0A6G6ACW8	Q6R5P9
A0A6G6ACW8	A7UMZ7
A0A6G6ACW8	Q6TY08
A0A6G6ACW8	A0A6G9FBW4
A0A6G6ACW8	Q65445
A0A6G6ACW8	A0A7H0S4Q1
A0A6G6ACW8	A0A6G9F9A8
A0A6G6ACW8	Q6TY17
A0A6G6ACW8	A0A2I6SQF0
A0A6G6ACW8	M1TTK7
A0A6G6ACW8	A0A0N9R2D0
A0A6G6ACW8	A0A6G9F9A3
A0A6G6ACW8	A0A0P0IRL3
A0A6G6ACW8	A0A2S0RQB7
A0A6G6ACW8	Q67666
A0A6G6ACW8	A0A0N9QE24
A0A6G6ACW8	Q6TY16
A0A6G6ACW8	A0A6G9F987
A0A6G6ACW8	A0A8E5J853
A0A6G6ACW8	A0A866VX97
A0A6G6ACW8	A0A0N9R7I2
A0A6G6ACW8	A0A173DWR3
A0A6G6ACW8	S4V558
A0A6G6ACW8	Q6R966
A0A6G6ACW8	H9M8D1
A0A6G6ACW8	A0A7T5V8A0
A0A6G6ACW8	G8EMF0
A0A6G6ACW8	A0A345W8A2
A0A6G6ACW8	Q6TY14
A0A6G6ACW8	B5LAD8
A0A6G6ACW8	Q6TY15
A0A6G6ACW8	A0A345YTX4
A0A6G6ACW8	A0A8E8U643
A0A6G6ACW8	A0A6G9F995
A0A6G6ACW8	A0A7S6XKX3
A0A6G6ACW8	A0A7S6XN37
A0A6G6ACW8	T1TD63
A0A6G6ACW8	A0A7T6AN56
A0A6G6ACW8	A0A2Z0PR42
A0A6G6ACW8	A0A6B9D556
A0A6G6ACW8	Q6TY12
A0A6G6ACW8	A0A0N9E5B5
A0A6G6ACW8	A0A1B1CWR1
A0A6G6ACW8	A0A866VXJ7
A0A6G6ACW8	A0A482P4P7
A0A6G6ACW8	A0A3G6IR23
A0A6G6ACW8	A0A859MV17
A0A6G6ACW8	A0A6G9F994
A0A6G6ACW8	A0A345YTX6
A0A6G6ACW8	Q6TY10
A0A6G6ACW8	A0A0N7G839
A0A6G6ACW8	A0A7D5BP30
A0A6G6ACW8	A0A1S6Q5Q0
A0A6G6ACW8	A0A1B1ZGB9
A0A6G6ACW8	A0A2D3I219
A0A6G6ACW8	A0A7H0S4Q5
A0A6G6ACW8	A0A2Z0PWT2
A0A6G6ACW8	A0A1X8VJ21
A0A6G6ACW8	A0A6G7GH04
A0A6G6ACW8	Q6TY13
A0A6G6ACW8	A7UN00
A0A6G6ACW8	A0A8E5J858
A0A6G6ACW8	A0A6C0N5Y9
A0A6G6ACW8	Q6TY09
A0A6G6ACW8	A0A513ZV86
A0A6G6ACW8	A0A345GSE6
A0A6G6ACW8	A0A2H4QSR7
A0A6G6ACW8	A0A8E5J985
A0A6G6ACW8	Q6TY11
A0A6G6ACW8	A0A866VTW7
A0A6G6ACW8	Q67672
A0A6G6ACW8	A0A0N9X2L4
A0A6G6ACW8	A0A2H4QSS2
A0A6G6ACW8	T1TCQ8
A0A6G6ACW8	A0A4D6DS12
A0A6G6ACW8	A0A345YTX5
A0A6G6ACW8	A7UMZ5
A0A6G6ACW8	A0A7H0S4Q3
A0A6G6ACW8	Q83289
A0A6G6ACW8	A0A343FLX5
A0A6G6ACW8	A7UMZ8
A0A6G6ACW8	B5LAD6
A0A6G6ACW8	Q6TY07
A0A6G6ACW8	Q6R5J0
A0A6G6ACW8	A0A2S0RPV5
A0A6G6ACW8	A0A3Q8A1J6
A0A6G6ACW8	A0A193BKY9
A0A6G6ACW8	A0A4D6D1S1
A0A6G6ACW8	A0A2H4QSR4
A0A6G6ACW8	H9M8D2
A0A6G6ACW8	G0ZSH7
A0A6G6ACW8	A0A7H0S4P7
A0A6G6ACW8	Q83290
A0A6G6ACW8	A0A2C9NKA7
A0A6G6ACW8	A0A220A4U4
A0A6G6ACW8	A0A411KVI4
A0A6G6ACW8	A0A2H4QSR8
A0A6G6ACW8	A0A220A4U5
A0A6G6ACW8	A0A2Z0PPU0
A0A6G6ACW8	A0A1S6KKD4
A0A6G6ACW8	G8EME6
A0A6G6ACW8	A0A7H0S4P9
A0A6G6ACW8	Q65444
A0A6G6ACW8	A0A7H0S4Q9
A0A6G6ACW8	A6ZI21
A0A6G6ACW8	A0A3Q7ZTK2
A0A6G6ACW8	A0A0N9R7N6
A0A6G6ACW8	A0A3Q7ZW85
A0A6G6ACW8	A0A2C9NK42
A0A6G6ACW8	G0ZSH8
A0A6G6ACW8	A0A3S6CNK0
A0A6G6ACW8	A5A0V7
A0A6G6ACW8	A0A7H1MH47
A0A6G6ACW8	Q6R967
A0A6G6ACW8	Q3Y426
A0A6G6ACW8	A0A3S6CE83
A0A6G6ACW8	A0A345GSE4
A0A6G6ACW8	A0A2Z0PRJ7
A0A6G6ACW8	A7UMZ4
A0A6G6ACW8	A7UN01
A0A6G6ACW8	A0A3Q7ZU28
A0A6G6ACW8	A0A482P1H2
A0A6G6ACW8	A0A223A4I9
A0A6G6ACW8	A0A7H0S4Q7
A0A6G6ACW8	A5A0V8
A0A6G6ACW8	G8EMF2
A0A6G6ACW8	G8EME8
A0A6G6ACW8	A0A4D6D1W8
A0A6G6ACW8	A0A7D4XTD8
A0A6G6ACW8	A0A8E5N914
A0A6G6ACW8	A0A6C0N4W4
A0A6G6ACW8	A0A6C0N6C3
A0A6G6ACW8	A0A6C0NA61
A0A6G6ACW8	A0A6C0N6A5
A0A6G6ACW8	A0A286QW75
A0A6G6ACW8	A0A286QW74
A0A6G6ACW8	A0A0C5C5I1
A0A6G6ACW8	A0A0C5CH70
A0A6G6ACW8	A0A0C5C1U3
A0A6G6ACW8	A0A6G6ACX7
A0A6G6ACW8	A0A1L3KPS9
A0A6G6ACW8	A0A0C5C5H8
A0A6G6ACW8	A0A0C5C1V5
A0A6G6ACW8	A0A6G6AE28
A0A6G6ACW8	M1UF39
A0A6G6ACW8	A0A089VFE4
A0A6G6ACW8	A0A089VKW2
A0A6G6ACW8	A0A6G6ACY2
A0A6G6ACW8	A0A220A4V3
A0A6G6ACW8	H2E867
A0A6G6ACW8	A5A0V9
A0A6G6ACW8	A0A7H1MH49
A0A6G6ACW8	A0A7H1MH48
A0A6G6ACW8	A0FJH2
A0A2Z4K548	A0A2Z4K548
A0A2Z4K548	A0A2Z4K4X6
A0A2Z4K548	A0A2Z4K5C2
A0A2Z4K548	A0A2Z4K5C4
A0A2Z4K548	E0XJJ5
